airline_id,name,code_type,iata_code,icao_code,country,region,status,active,website,wikidata_id,notes
2B,OJSC AK BARS AERO,iata,2B,,,,unknown,,,,"Imported from original repository. Country, status, and source enrichment pending."
2I,Star Peru,iata,2I,,,,unknown,,,,"Imported from original repository. Country, status, and source enrichment pending."
2J,Air Burkina,iata,2J,,,,unknown,,,,"Imported from original repository. Country, status, and source enrichment pending."
2K,Aerogal,iata,2K,,,,unknown,,,,"Imported from original repository. Country, status, and source enrichment pending."
2L,Helvetic Airways,iata,2L,,,,unknown,,,,"Imported from original repository. Country, status, and source enrichment pending."
2N,Nextjet,iata,2N,,,,unknown,,,,"Imported from original repository. Country, status, and source enrichment pending."
2O,Island Air Service,iata,2O,,,,unknown,,,,"Imported from original repository. Country, status, and source enrichment pending."
2P,PAL Express,iata,2P,,,,unknown,,,,"Imported from original repository. Country, status, and source enrichment pending."
3B,Job Air - Central Connect Airlines,iata,3B,,,,unknown,,,,"Imported from original repository. Country, status, and source enrichment pending."
3F,Pacific Airways Inc,iata,3F,,,,unknown,,,,"Imported from original repository. Country, status, and source enrichment pending."
3G,Gambia Bird Airlines Ltd.,iata,3G,,,,unknown,,,,"Imported from original repository. Country, status, and source enrichment pending."
3H,Air Inuit,iata,3H,,,,unknown,,,,"Imported from original repository. Country, status, and source enrichment pending."
3J,Jubba Airways Ltd,iata,3J,,,,unknown,,,,"Imported from original repository. Country, status, and source enrichment pending."
3K,Jetstar Asia,iata,3K,,,,unknown,,,,"Imported from original repository. Country, status, and source enrichment pending."
3L,Intersky,iata,3L,,,,unknown,,,,"Imported from original repository. Country, status, and source enrichment pending."
3M,Silver Airways Corp,iata,3M,,,,unknown,,,,"Imported from original repository. Country, status, and source enrichment pending."
3O,Air Arabia Maroc,iata,3O,,,,unknown,,,,"Imported from original repository. Country, status, and source enrichment pending."
3P,Tiara Air Aruba,iata,3P,,,,unknown,,,,"Imported from original repository. Country, status, and source enrichment pending."
3R,Gromov Air,iata,3R,,,,unknown,,,,"Imported from original repository. Country, status, and source enrichment pending."
3S,Air Antilles,iata,3S,,,,unknown,,,,"Imported from original repository. Country, status, and source enrichment pending."
3U,Sichuan Airlines,iata,3U,,,,unknown,,,,"Imported from original repository. Country, status, and source enrichment pending."
4D,Air Sinai,iata,4D,,,,unknown,,,,"Imported from original repository. Country, status, and source enrichment pending."
4E,Tanana Air Service,iata,4E,,,,unknown,,,,"Imported from original repository. Country, status, and source enrichment pending."
4G,Gazpromavia,iata,4G,,,,unknown,,,,"Imported from original repository. Country, status, and source enrichment pending."
4H,United Airways Bangladesh,iata,4H,,,,unknown,,,,"Imported from original repository. Country, status, and source enrichment pending."
4K,Kenn Borek Air,iata,4K,,,,unknown,,,,"Imported from original repository. Country, status, and source enrichment pending."
4M,LanArgentina,iata,4M,,,,unknown,,,,"Imported from original repository. Country, status, and source enrichment pending."
4N,Air North,iata,4N,,,,unknown,,,,"Imported from original repository. Country, status, and source enrichment pending."
4O,Interjet,iata,4O,,,,unknown,,,,"Imported from original repository. Country, status, and source enrichment pending."
4Q,Safi Airways,iata,4Q,,,,unknown,,,,"Imported from original repository. Country, status, and source enrichment pending."
4T,Belair Airlines,iata,4T,,,,unknown,,,,"Imported from original repository. Country, status, and source enrichment pending."
4U,germanwings,iata,4U,,,,unknown,,,,"Imported from original repository. Country, status, and source enrichment pending."
4W,Warbelow,iata,4W,,,,unknown,,,,"Imported from original repository. Country, status, and source enrichment pending."
4Y,Flight Alaska,iata,4Y,,,,unknown,,,,"Imported from original repository. Country, status, and source enrichment pending."
5C,NatureAir,iata,5C,,,,unknown,,,,"Imported from original repository. Country, status, and source enrichment pending."
5G,Fly 540 Ghana,iata,5G,,,,unknown,,,,"Imported from original repository. Country, status, and source enrichment pending."
5H,Five Forty Aviation,iata,5H,,,,unknown,,,,"Imported from original repository. Country, status, and source enrichment pending."
5J,Cebu Pacific Air,iata,5J,,,,unknown,,,,"Imported from original repository. Country, status, and source enrichment pending."
5M,FlyMontserrat,iata,5M,,,,unknown,,,,"Imported from original repository. Country, status, and source enrichment pending."
5N,Nordavia - Regional Airlines,iata,5N,,,,unknown,,,,"Imported from original repository. Country, status, and source enrichment pending."
5P,Aerolinea Principal,iata,5P,,,,unknown,,,,"Imported from original repository. Country, status, and source enrichment pending."
5Q,BQB Air,iata,5Q,,,,unknown,,,,"Imported from original repository. Country, status, and source enrichment pending."
5T,Canadian North,iata,5T,,,,unknown,,,,"Imported from original repository. Country, status, and source enrichment pending."
6E,IndiGo Air,iata,6E,,,,unknown,,,,"Imported from original repository. Country, status, and source enrichment pending."
6H,Israir,iata,6H,,,,unknown,,,,"Imported from original repository. Country, status, and source enrichment pending."
6J,Jubba Airways,iata,6J,,,,unknown,,,,"Imported from original repository. Country, status, and source enrichment pending."
6L,Aklak Air,iata,6L,,,,unknown,,,,"Imported from original repository. Country, status, and source enrichment pending."
6T,Air Mandalay Ltd,iata,6T,,,,unknown,,,,"Imported from original repository. Country, status, and source enrichment pending."
6W,Saratov Airlines,iata,6W,,,,unknown,,,,"Imported from original repository. Country, status, and source enrichment pending."
7C,Jeju Airlines,iata,7C,,,,unknown,,,,"Imported from original repository. Country, status, and source enrichment pending."
7E,Sylt Air,iata,7E,,,,unknown,,,,"Imported from original repository. Country, status, and source enrichment pending."
7F,First Air,iata,7F,,,,unknown,,,,"Imported from original repository. Country, status, and source enrichment pending."
7G,Star Flyer,iata,7G,,,,unknown,,,,"Imported from original repository. Country, status, and source enrichment pending."
7H,Era Aviation,iata,7H,,,,unknown,,,,"Imported from original repository. Country, status, and source enrichment pending."
7I,Insel Air,iata,7I,,,,unknown,,,,"Imported from original repository. Country, status, and source enrichment pending."
7L,Aerocaribbean,iata,7L,,,,unknown,,,,"Imported from original repository. Country, status, and source enrichment pending."
7M,"Mayair, S.A. de C.V.",iata,7M,,,,unknown,,,,"Imported from original repository. Country, status, and source enrichment pending."
7P,Air Panama,iata,7P,,,,unknown,,,,"Imported from original repository. Country, status, and source enrichment pending."
7R,Joint Stock Aviation Company RusLine,iata,7R,,,,unknown,,,,"Imported from original repository. Country, status, and source enrichment pending."
7S,Ryan Air,iata,7S,,,,unknown,,,,"Imported from original repository. Country, status, and source enrichment pending."
8B,Business Air Centre Co,iata,8B,,,,unknown,,,,"Imported from original repository. Country, status, and source enrichment pending."
8D,"Servant Air, Inc.",iata,8D,,,,unknown,,,,"Imported from original repository. Country, status, and source enrichment pending."
8E,Bering Air,iata,8E,,,,unknown,,,,"Imported from original repository. Country, status, and source enrichment pending."
8I,Insel Air Aruba,iata,8I,,,,unknown,,,,"Imported from original repository. Country, status, and source enrichment pending."
8L,Lucky Air Co. Ltd.,iata,8L,,,,unknown,,,,"Imported from original repository. Country, status, and source enrichment pending."
8M,Myanmar Airways International,iata,8M,,,,unknown,,,,"Imported from original repository. Country, status, and source enrichment pending."
8P,Pacific Coastal Airlines Limited,iata,8P,,,,unknown,,,,"Imported from original repository. Country, status, and source enrichment pending."
8Q,Onur Air,iata,8Q,,,,unknown,,,,"Imported from original repository. Country, status, and source enrichment pending."
8R,TRIP Linhas Aéreas S.A.,iata,8R,,,,unknown,,,,"Imported from original repository. Country, status, and source enrichment pending."
8T,Air Tindi Ltd,iata,8T,,,,unknown,,,,"Imported from original repository. Country, status, and source enrichment pending."
8U,Afriqiyah Airways,iata,8U,,,,unknown,,,,"Imported from original repository. Country, status, and source enrichment pending."
8V,Wright Air Service,iata,8V,,,,unknown,,,,"Imported from original repository. Country, status, and source enrichment pending."
9C,Spring Airlines,iata,9C,,,,unknown,,,,"Imported from original repository. Country, status, and source enrichment pending."
9E,Pinnacle Airlines,iata,9E,,,,unknown,,,,"Imported from original repository. Country, status, and source enrichment pending."
9H,Dutch Antilles Express,iata,9H,,,,unknown,,,,"Imported from original repository. Country, status, and source enrichment pending."
9J,Dana Airlines Ltd,iata,9J,,,,unknown,,,,"Imported from original repository. Country, status, and source enrichment pending."
9K,Cape Air,iata,9K,,,,unknown,,,,"Imported from original repository. Country, status, and source enrichment pending."
9M,Central Mountain Air Ltd.,iata,9M,,,,unknown,,,,"Imported from original repository. Country, status, and source enrichment pending."
9Q,Caicos Express Airways,iata,9Q,,,,unknown,,,,"Imported from original repository. Country, status, and source enrichment pending."
9R,Satena,iata,9R,,,,unknown,,,,"Imported from original repository. Country, status, and source enrichment pending."
9U,Air Moldova,iata,9U,,,,unknown,,,,"Imported from original repository. Country, status, and source enrichment pending."
9V,Avior Airlines,iata,9V,,,,unknown,,,,"Imported from original repository. Country, status, and source enrichment pending."
9W,Jet Airways (India) Ltd,iata,9W,,,,unknown,,,,"Imported from original repository. Country, status, and source enrichment pending."
9Y,Fly Georgia,iata,9Y,,,,unknown,,,,"Imported from original repository. Country, status, and source enrichment pending."
A2,Astra Airlines,iata,A2,,,,unknown,,,,"Imported from original repository. Country, status, and source enrichment pending."
A3,Aegean Airlines,iata,A3,,,,unknown,,,,"Imported from original repository. Country, status, and source enrichment pending."
A4,Aerocon,iata,A4,,,,unknown,,,,"Imported from original repository. Country, status, and source enrichment pending."
A5,HOP!,iata,A5,,,,unknown,,,,"Imported from original repository. Country, status, and source enrichment pending."
A9,Georgian Airways,iata,A9,,,,unknown,,,,"Imported from original repository. Country, status, and source enrichment pending."
AA,American Airlines,iata,AA,,,,unknown,,,,"Imported from original repository. Country, status, and source enrichment pending."
AB,Air Berlin,iata,AB,,,,unknown,,,,"Imported from original repository. Country, status, and source enrichment pending."
ABJ,Abaeté Linhas Aéreas,legacy_or_icao_like,,ABJ,,,unknown,,,,"Imported from original repository. Country, status, and source enrichment pending."
AC,Air Canada,iata,AC,,,,unknown,,,,"Imported from original repository. Country, status, and source enrichment pending."
AD,Azul Airlines,iata,AD,,,,unknown,,,,"Imported from original repository. Country, status, and source enrichment pending."
AE,Mandarin Airlines,iata,AE,,,,unknown,,,,"Imported from original repository. Country, status, and source enrichment pending."
AF,Air France,iata,AF,,,,unknown,,,,"Imported from original repository. Country, status, and source enrichment pending."
AH,Air Algerie,iata,AH,,,,unknown,,,,"Imported from original repository. Country, status, and source enrichment pending."
AI,Air India,iata,AI,,,,unknown,,,,"Imported from original repository. Country, status, and source enrichment pending."
AK,AirAsia,iata,AK,,,,unknown,,,,"Imported from original repository. Country, status, and source enrichment pending."
AM,Aeromexico,iata,AM,,,,unknown,,,,"Imported from original repository. Country, status, and source enrichment pending."
AP,Air One,iata,AP,,,,unknown,,,,"Imported from original repository. Country, status, and source enrichment pending."
AR,Aerolineas Argentinas,iata,AR,,,,unknown,,,,"Imported from original repository. Country, status, and source enrichment pending."
AS,Alaska Airlines,iata,AS,,,,unknown,,,,"Imported from original repository. Country, status, and source enrichment pending."
AT,Royal Air Maroc,iata,AT,,,,unknown,,,,"Imported from original repository. Country, status, and source enrichment pending."
AV,Avianca,iata,AV,,,,unknown,,,,"Imported from original repository. Country, status, and source enrichment pending."
AW,Africa World Airlines Limited,iata,AW,,,,unknown,,,,"Imported from original repository. Country, status, and source enrichment pending."
AY,Finnair,iata,AY,,,,unknown,,,,"Imported from original repository. Country, status, and source enrichment pending."
AZ,Alitalia - Compagnia Aerea Italiana Spa,iata,AZ,,,,unknown,,,,"Imported from original repository. Country, status, and source enrichment pending."
B2,Belavia,iata,B2,,,,unknown,,,,"Imported from original repository. Country, status, and source enrichment pending."
B6,Jetblue Airways Corporation,iata,B6,,,,unknown,,,,"Imported from original repository. Country, status, and source enrichment pending."
B7,UNI Airways,iata,B7,,,,unknown,,,,"Imported from original repository. Country, status, and source enrichment pending."
B9,Iran Air Tours,iata,B9,,,,unknown,,,,"Imported from original repository. Country, status, and source enrichment pending."
BA,British Airways,iata,BA,,,,unknown,,,,"Imported from original repository. Country, status, and source enrichment pending."
BB,Seaborne Airlines,iata,BB,,,,unknown,,,,"Imported from original repository. Country, status, and source enrichment pending."
BC,Skymark Airlines,iata,BC,,,,unknown,,,,"Imported from original repository. Country, status, and source enrichment pending."
BE,Flybe,iata,BE,,,,unknown,,,,"Imported from original repository. Country, status, and source enrichment pending."
BF,Vincent Aviation,iata,BF,,,,unknown,,,,"Imported from original repository. Country, status, and source enrichment pending."
BG,Biman Bangladesh Airlines,iata,BG,,,,unknown,,,,"Imported from original repository. Country, status, and source enrichment pending."
BH,Hawkair,iata,BH,,,,unknown,,,,"Imported from original repository. Country, status, and source enrichment pending."
BI,Royal Brunei Airlines,iata,BI,,,,unknown,,,,"Imported from original repository. Country, status, and source enrichment pending."
BK,Okay Airways,iata,BK,,,,unknown,,,,"Imported from original repository. Country, status, and source enrichment pending."
BL,Jetstar Pacific Airlines,iata,BL,,,,unknown,,,,"Imported from original repository. Country, status, and source enrichment pending."
BM,BMI Regional,iata,BM,,,,unknown,,,,"Imported from original repository. Country, status, and source enrichment pending."
BP,Air Botswana,iata,BP,,,,unknown,,,,"Imported from original repository. Country, status, and source enrichment pending."
BR,EVA Airways,iata,BR,,,,unknown,,,,"Imported from original repository. Country, status, and source enrichment pending."
BT,Air Baltic Corporation,iata,BT,,,,unknown,,,,"Imported from original repository. Country, status, and source enrichment pending."
BV,Blue Panorama Airlines,iata,BV,,,,unknown,,,,"Imported from original repository. Country, status, and source enrichment pending."
BW,Caribbean Airlines,iata,BW,,,,unknown,,,,"Imported from original repository. Country, status, and source enrichment pending."
BX,Air Busan,iata,BX,,,,unknown,,,,"Imported from original repository. Country, status, and source enrichment pending."
C7,Rico Linhas Aéreas,iata,C7,,,,unknown,,,,"Imported from original repository. Country, status, and source enrichment pending."
C8,CRONOSAIR,iata,C8,,,,unknown,,,,"Imported from original repository. Country, status, and source enrichment pending."
CA,Air China,iata,CA,,,,unknown,,,,"Imported from original repository. Country, status, and source enrichment pending."
CC,CM Airlines,iata,CC,,,,unknown,,,,"Imported from original repository. Country, status, and source enrichment pending."
CE,Chalair,iata,CE,,,,unknown,,,,"Imported from original repository. Country, status, and source enrichment pending."
CG,Airlines Of Papua New Guinea,iata,CG,,,,unknown,,,,"Imported from original repository. Country, status, and source enrichment pending."
CH,Bemidji Airlines,iata,CH,,,,unknown,,,,"Imported from original repository. Country, status, and source enrichment pending."
CI,China Airlines,iata,CI,,,,unknown,,,,"Imported from original repository. Country, status, and source enrichment pending."
CM,COPA Airlines,iata,CM,,,,unknown,,,,"Imported from original repository. Country, status, and source enrichment pending."
CN,Grand China Air,iata,CN,,,,unknown,,,,"Imported from original repository. Country, status, and source enrichment pending."
CU,Cubana,iata,CU,,,,unknown,,,,"Imported from original repository. Country, status, and source enrichment pending."
CX,Cathay Pacific Airways,iata,CX,,,,unknown,,,,"Imported from original repository. Country, status, and source enrichment pending."
CY,Cyprus Airways,iata,CY,,,,unknown,,,,"Imported from original repository. Country, status, and source enrichment pending."
CZ,China Southern Airlines,iata,CZ,,,,unknown,,,,"Imported from original repository. Country, status, and source enrichment pending."
D2,Severstal Aircompany,iata,D2,,,,unknown,,,,"Imported from original repository. Country, status, and source enrichment pending."
D3,Daallo Airlines,iata,D3,,,,unknown,,,,"Imported from original repository. Country, status, and source enrichment pending."
D6,Inter Air,iata,D6,,,,unknown,,,,"Imported from original repository. Country, status, and source enrichment pending."
D7,AirAsia X,iata,D7,,,,unknown,,,,"Imported from original repository. Country, status, and source enrichment pending."
D9,DONAVIA,iata,D9,,,,unknown,,,,"Imported from original repository. Country, status, and source enrichment pending."
DC,Braathens Regional AB,iata,DC,,,,unknown,,,,"Imported from original repository. Country, status, and source enrichment pending."
DD,Nok Air,iata,DD,,,,unknown,,,,"Imported from original repository. Country, status, and source enrichment pending."
DE,Condor Flugdienst,iata,DE,,,,unknown,,,,"Imported from original repository. Country, status, and source enrichment pending."
DG,SEAIR - South East Asian Airlines,iata,DG,,,,unknown,,,,"Imported from original repository. Country, status, and source enrichment pending."
DL,Delta Air Lines,iata,DL,,,,unknown,,,,"Imported from original repository. Country, status, and source enrichment pending."
DN,Senegal Airlines,iata,DN,,,,unknown,,,,"Imported from original repository. Country, status, and source enrichment pending."
DT,TAAG Angola Airlines,iata,DT,,,,unknown,,,,"Imported from original repository. Country, status, and source enrichment pending."
DV,Air Company Scat,iata,DV,,,,unknown,,,,"Imported from original repository. Country, status, and source enrichment pending."
DX,Danish Air Transport,iata,DX,,,,unknown,,,,"Imported from original repository. Country, status, and source enrichment pending."
DY,Norwegian Air Shuttle,iata,DY,,,,unknown,,,,"Imported from original repository. Country, status, and source enrichment pending."
E5,Air Arabia Egypt,iata,E5,,,,unknown,,,,"Imported from original repository. Country, status, and source enrichment pending."
E8,City Airways,iata,E8,,,,unknown,,,,"Imported from original repository. Country, status, and source enrichment pending."
EA,East Horizon Airlines,iata,EA,,,,unknown,,,,"Imported from original repository. Country, status, and source enrichment pending."
EB,Pullmantur Air,iata,EB,,,,unknown,,,,"Imported from original repository. Country, status, and source enrichment pending."
EF,Eznis Airways,iata,EF,,,,unknown,,,,"Imported from original repository. Country, status, and source enrichment pending."
EI,Aer Lingus,iata,EI,,,,unknown,,,,"Imported from original repository. Country, status, and source enrichment pending."
EK,Emirates,iata,EK,,,,unknown,,,,"Imported from original repository. Country, status, and source enrichment pending."
EN,Air Dolomiti,iata,EN,,,,unknown,,,,"Imported from original repository. Country, status, and source enrichment pending."
EP,Iran Aseman Airlines,iata,EP,,,,unknown,,,,"Imported from original repository. Country, status, and source enrichment pending."
EQ,TAME Linea Aerea del Ecuador,iata,EQ,,,,unknown,,,,"Imported from original repository. Country, status, and source enrichment pending."
ET,Ethiopian Airlines,iata,ET,,,,unknown,,,,"Imported from original repository. Country, status, and source enrichment pending."
EU,Chengdu Airlines,iata,EU,,,,unknown,,,,"Imported from original repository. Country, status, and source enrichment pending."
EY,Etihad Airways,iata,EY,,,,unknown,,,,"Imported from original repository. Country, status, and source enrichment pending."
F5,Fly540 S.A,iata,F5,,,,unknown,,,,"Imported from original repository. Country, status, and source enrichment pending."
F7,Darwin Airline,iata,F7,,,,unknown,,,,"Imported from original repository. Country, status, and source enrichment pending."
F9,Frontier Airlines Inc.,iata,F9,,,,unknown,,,,"Imported from original repository. Country, status, and source enrichment pending."
FB,Bulgaria Air,iata,FB,,,,unknown,,,,"Imported from original repository. Country, status, and source enrichment pending."
FD,Thai AirAsia,iata,FD,,,,unknown,,,,"Imported from original repository. Country, status, and source enrichment pending."
FE,Far Eastern Air Transport,iata,FE,,,,unknown,,,,"Imported from original repository. Country, status, and source enrichment pending."
FG,Ariana Afghan Airlines,iata,FG,,,,unknown,,,,"Imported from original repository. Country, status, and source enrichment pending."
FI,Icelandair,iata,FI,,,,unknown,,,,"Imported from original repository. Country, status, and source enrichment pending."
FJ,Fiji Airways,iata,FJ,,,,unknown,,,,"Imported from original repository. Country, status, and source enrichment pending."
FL,AirTran Airways,iata,FL,,,,unknown,,,,"Imported from original repository. Country, status, and source enrichment pending."
FM,Shanghai Airlines,iata,FM,,,,unknown,,,,"Imported from original repository. Country, status, and source enrichment pending."
FO,Felix Airways,iata,FO,,,,unknown,,,,"Imported from original repository. Country, status, and source enrichment pending."
FQ,Brindabella Airlines,iata,FQ,,,,unknown,,,,"Imported from original repository. Country, status, and source enrichment pending."
FR,Ryanair,iata,FR,,,,unknown,,,,"Imported from original repository. Country, status, and source enrichment pending."
FS,Syphax Airlines,iata,FS,,,,unknown,,,,"Imported from original repository. Country, status, and source enrichment pending."
FV,Rossiya Airlines,iata,FV,,,,unknown,,,,"Imported from original repository. Country, status, and source enrichment pending."
FW,IBEX Airlines,iata,FW,,,,unknown,,,,"Imported from original repository. Country, status, and source enrichment pending."
FY,Firefly,iata,FY,,,,unknown,,,,"Imported from original repository. Country, status, and source enrichment pending."
FZ,flydubai,iata,FZ,,,,unknown,,,,"Imported from original repository. Country, status, and source enrichment pending."
G3,VARIG-GOL Airlines/VRG Linhas Aereas SA,iata,G3,,,,unknown,,,,"Imported from original repository. Country, status, and source enrichment pending."
G4,Allegiant Air LLC,iata,G4,,,,unknown,,,,"Imported from original repository. Country, status, and source enrichment pending."
G5,China Express Airlines,iata,G5,,,,unknown,,,,"Imported from original repository. Country, status, and source enrichment pending."
G8,Go Air,iata,G8,,,,unknown,,,,"Imported from original repository. Country, status, and source enrichment pending."
G9,Air Arabia,iata,G9,,,,unknown,,,,"Imported from original repository. Country, status, and source enrichment pending."
GA,Garuda Indonesia,iata,GA,,,,unknown,,,,"Imported from original repository. Country, status, and source enrichment pending."
GE,Transasia Airways,iata,GE,,,,unknown,,,,"Imported from original repository. Country, status, and source enrichment pending."
GF,Gulf Air,iata,GF,,,,unknown,,,,"Imported from original repository. Country, status, and source enrichment pending."
GK,Jetstar Japan,iata,GK,,,,unknown,,,,"Imported from original repository. Country, status, and source enrichment pending."
GL,Air Greenland,iata,GL,,,,unknown,,,,"Imported from original repository. Country, status, and source enrichment pending."
GQ,Sky Express S.A.,iata,GQ,,,,unknown,,,,"Imported from original repository. Country, status, and source enrichment pending."
GR,Aurigny Air Services,iata,GR,,,,unknown,,,,"Imported from original repository. Country, status, and source enrichment pending."
GS,TianJin Airlines,iata,GS,,,,unknown,,,,"Imported from original repository. Country, status, and source enrichment pending."
GV,"Grant Aviation, Inc.",iata,GV,,,,unknown,,,,"Imported from original repository. Country, status, and source enrichment pending."
GZ,Air Rarotonga,iata,GZ,,,,unknown,,,,"Imported from original repository. Country, status, and source enrichment pending."
H2,Sky Airline,iata,H2,,,,unknown,,,,"Imported from original repository. Country, status, and source enrichment pending."
H7,Eagle Air,iata,H7,,,,unknown,,,,"Imported from original repository. Country, status, and source enrichment pending."
HA,Hawaiian Airlines,iata,HA,,,,unknown,,,,"Imported from original repository. Country, status, and source enrichment pending."
HD,Hokkaido International Airlines,iata,HD,,,,unknown,,,,"Imported from original repository. Country, status, and source enrichment pending."
HF,Air Cote d,iata,HF,,,,unknown,,,,"Imported from original repository. Country, status, and source enrichment pending."
HG,NIKI,iata,HG,,,,unknown,,,,"Imported from original repository. Country, status, and source enrichment pending."
HI,Papillon Airways,iata,HI,,,,unknown,,,,"Imported from original repository. Country, status, and source enrichment pending."
HM,Air Seychelles,iata,HM,,,,unknown,,,,"Imported from original repository. Country, status, and source enrichment pending."
HO,Juneyao Airlines,iata,HO,,,,unknown,,,,"Imported from original repository. Country, status, and source enrichment pending."
HR,Hahn Air,iata,HR,,,,unknown,,,,"Imported from original repository. Country, status, and source enrichment pending."
HS,DirektFlyg,iata,HS,,,,unknown,,,,"Imported from original repository. Country, status, and source enrichment pending."
HU,Hainan Airlines,iata,HU,,,,unknown,,,,"Imported from original repository. Country, status, and source enrichment pending."
HV,transavia.com,iata,HV,,,,unknown,,,,"Imported from original repository. Country, status, and source enrichment pending."
HW,North-Wright Airways Ltd.,iata,HW,,,,unknown,,,,"Imported from original repository. Country, status, and source enrichment pending."
HX,Hong Kong Airlines,iata,HX,,,,unknown,,,,"Imported from original repository. Country, status, and source enrichment pending."
HY,Uzbekistan Airways,iata,HY,,,,unknown,,,,"Imported from original repository. Country, status, and source enrichment pending."
HZ,Sakhalinskie Aviatrassy,iata,HZ,,,,unknown,,,,"Imported from original repository. Country, status, and source enrichment pending."
I6,Air Indus (Pvt.) Ltd.,iata,I6,,,,unknown,,,,"Imported from original repository. Country, status, and source enrichment pending."
I8,Izhavia,iata,I8,,,,unknown,,,,"Imported from original repository. Country, status, and source enrichment pending."
I9,Air Italy,iata,I9,,,,unknown,,,,"Imported from original repository. Country, status, and source enrichment pending."
IB,Iberia,iata,IB,,,,unknown,,,,"Imported from original repository. Country, status, and source enrichment pending."
ID,Batik Air,iata,ID,,,,unknown,,,,"Imported from original repository. Country, status, and source enrichment pending."
IE,Solomon Airlines,iata,IE,,,,unknown,,,,"Imported from original repository. Country, status, and source enrichment pending."
IG,Meridiana fly S.p.A.,iata,IG,,,,unknown,,,,"Imported from original repository. Country, status, and source enrichment pending."
IL,PT Trigana Air,iata,IL,,,,unknown,,,,"Imported from original repository. Country, status, and source enrichment pending."
IN,InvestAvia,iata,IN,,,,unknown,,,,"Imported from original repository. Country, status, and source enrichment pending."
IOS,Isles of Scilly Skybus,legacy_or_icao_like,,IOS,,,unknown,,,,"Imported from original repository. Country, status, and source enrichment pending."
IR,Iran Air,iata,IR,,,,unknown,,,,"Imported from original repository. Country, status, and source enrichment pending."
IX,Air India Express,iata,IX,,,,unknown,,,,"Imported from original repository. Country, status, and source enrichment pending."
IY,Yemenia Yemen Airways,iata,IY,,,,unknown,,,,"Imported from original repository. Country, status, and source enrichment pending."
IZ,Arkia - Israeli Airlines,iata,IZ,,,,unknown,,,,"Imported from original repository. Country, status, and source enrichment pending."
J2,Azerbaijan Airlines,iata,J2,,,,unknown,,,,"Imported from original repository. Country, status, and source enrichment pending."
J3,Northwestern Air Lease Ltd.,iata,J3,,,,unknown,,,,"Imported from original repository. Country, status, and source enrichment pending."
J4,Badr Airlines,iata,J4,,,,unknown,,,,"Imported from original repository. Country, status, and source enrichment pending."
J5,Alaska Seaplane Service L.L.C.,iata,J5,,,,unknown,,,,"Imported from original repository. Country, status, and source enrichment pending."
J8,Berjaya Air,iata,J8,,,,unknown,,,,"Imported from original repository. Country, status, and source enrichment pending."
J9,Jazeera Airways,iata,J9,,,,unknown,,,,"Imported from original repository. Country, status, and source enrichment pending."
JA,BH Airlines,iata,JA,,,,unknown,,,,"Imported from original repository. Country, status, and source enrichment pending."
JB,Helijet International Inc,iata,JB,,,,unknown,,,,"Imported from original repository. Country, status, and source enrichment pending."
JD,Beijing Capital Airlines,iata,JD,,,,unknown,,,,"Imported from original repository. Country, status, and source enrichment pending."
JE,Mango,iata,JE,,,,unknown,,,,"Imported from original repository. Country, status, and source enrichment pending."
JH,Fuji Dream Airlines,iata,JH,,,,unknown,,,,"Imported from original repository. Country, status, and source enrichment pending."
JJ,TAM Linhas Aereas,iata,JJ,,,,unknown,,,,"Imported from original repository. Country, status, and source enrichment pending."
JL,Japan Airlines,iata,JL,,,,unknown,,,,"Imported from original repository. Country, status, and source enrichment pending."
JP,Adria Airways,iata,JP,,,,unknown,,,,"Imported from original repository. Country, status, and source enrichment pending."
JQ,Jetstar Airways,iata,JQ,,,,unknown,,,,"Imported from original repository. Country, status, and source enrichment pending."
JS,Air Koryo,iata,JS,,,,unknown,,,,"Imported from original repository. Country, status, and source enrichment pending."
JT,Lion Air,iata,JT,,,,unknown,,,,"Imported from original repository. Country, status, and source enrichment pending."
JU,Jat Airways,iata,JU,,,,unknown,,,,"Imported from original repository. Country, status, and source enrichment pending."
JV,Bearskin Lake Air Services LP,iata,JV,,,,unknown,,,,"Imported from original repository. Country, status, and source enrichment pending."
JW,"AirAsia Japan Co., Ltd.",iata,JW,,,,unknown,,,,"Imported from original repository. Country, status, and source enrichment pending."
JY,Air Turks,iata,JY,,,,unknown,,,,"Imported from original repository. Country, status, and source enrichment pending."
K2,Eurolot,iata,K2,,,,unknown,,,,"Imported from original repository. Country, status, and source enrichment pending."
K3,Taquan Air Services,iata,K3,,,,unknown,,,,"Imported from original repository. Country, status, and source enrichment pending."
K4,ALS Ltd,iata,K4,,,,unknown,,,,"Imported from original repository. Country, status, and source enrichment pending."
K5,Wings Of Alaska SeaPort Airline,iata,K5,,,,unknown,,,,"Imported from original repository. Country, status, and source enrichment pending."
K6,Cambodia Angkor Air,iata,K6,,,,unknown,,,,"Imported from original repository. Country, status, and source enrichment pending."
K7,Air KBZ,iata,K7,,,,unknown,,,,"Imported from original repository. Country, status, and source enrichment pending."
K8,Kan Air,iata,K8,,,,unknown,,,,"Imported from original repository. Country, status, and source enrichment pending."
KA,Dragonair,iata,KA,,,,unknown,,,,"Imported from original repository. Country, status, and source enrichment pending."
KB,Druk Air,iata,KB,,,,unknown,,,,"Imported from original repository. Country, status, and source enrichment pending."
KC,Air Astana,iata,KC,,,,unknown,,,,"Imported from original repository. Country, status, and source enrichment pending."
KE,Korean Air,iata,KE,,,,unknown,,,,"Imported from original repository. Country, status, and source enrichment pending."
KK,Atlasjet Airlines,iata,KK,,,,unknown,,,,"Imported from original repository. Country, status, and source enrichment pending."
KL,KLM-Royal Dutch Airlines,iata,KL,,,,unknown,,,,"Imported from original repository. Country, status, and source enrichment pending."
KM,Air Malta,iata,KM,,,,unknown,,,,"Imported from original repository. Country, status, and source enrichment pending."
KN,China United Airlines,iata,KN,,,,unknown,,,,"Imported from original repository. Country, status, and source enrichment pending."
KO,Aircompany Khors,iata,KO,,,,unknown,,,,"Imported from original repository. Country, status, and source enrichment pending."
KQ,Kenya Airways,iata,KQ,,,,unknown,,,,"Imported from original repository. Country, status, and source enrichment pending."
KR,Air Bishkek,iata,KR,,,,unknown,,,,"Imported from original repository. Country, status, and source enrichment pending."
KS,PenAir,iata,KS,,,,unknown,,,,"Imported from original repository. Country, status, and source enrichment pending."
KU,Kuwait Airways,iata,KU,,,,unknown,,,,"Imported from original repository. Country, status, and source enrichment pending."
KX,Cayman Airways,iata,KX,,,,unknown,,,,"Imported from original repository. Country, status, and source enrichment pending."
KY,Kunming Airlines,iata,KY,,,,unknown,,,,"Imported from original repository. Country, status, and source enrichment pending."
L6,Mauritanian Airlines International,iata,L6,,,,unknown,,,,"Imported from original repository. Country, status, and source enrichment pending."
L9,Belle Air Europe,iata,L9,,,,unknown,,,,"Imported from original repository. Country, status, and source enrichment pending."
LA,Lan Airlines,iata,LA,,,,unknown,,,,"Imported from original repository. Country, status, and source enrichment pending."
LC,ECAir,iata,LC,,,,unknown,,,,"Imported from original repository. Country, status, and source enrichment pending."
LF,Lao Central Airlines,iata,LF,,,,unknown,,,,"Imported from original repository. Country, status, and source enrichment pending."
LG,Luxair,iata,LG,,,,unknown,,,,"Imported from original repository. Country, status, and source enrichment pending."
LH,Lufthansa German Airlines,iata,LH,,,,unknown,,,,"Imported from original repository. Country, status, and source enrichment pending."
LI,LIAT (1974),iata,LI,,,,unknown,,,,"Imported from original repository. Country, status, and source enrichment pending."
LJ,Jin Air,iata,LJ,,,,unknown,,,,"Imported from original repository. Country, status, and source enrichment pending."
LM,Loganair,iata,LM,,,,unknown,,,,"Imported from original repository. Country, status, and source enrichment pending."
LN,Libyan Airlines,iata,LN,,,,unknown,,,,"Imported from original repository. Country, status, and source enrichment pending."
LO,LOT - Polish Airlines,iata,LO,,,,unknown,,,,"Imported from original repository. Country, status, and source enrichment pending."
LR,LACSA-Lineas Aereas Costarricenses,iata,LR,,,,unknown,,,,"Imported from original repository. Country, status, and source enrichment pending."
LS,Jet2.com,iata,LS,,,,unknown,,,,"Imported from original repository. Country, status, and source enrichment pending."
LW,Pacific Wings,iata,LW,,,,unknown,,,,"Imported from original repository. Country, status, and source enrichment pending."
LX,SWISS,iata,LX,,,,unknown,,,,"Imported from original repository. Country, status, and source enrichment pending."
LY,El Al Israel Airlines,iata,LY,,,,unknown,,,,"Imported from original repository. Country, status, and source enrichment pending."
LZ,Belle Air,iata,LZ,,,,unknown,,,,"Imported from original repository. Country, status, and source enrichment pending."
M0,AeroMongolia,iata,M0,,,,unknown,,,,"Imported from original repository. Country, status, and source enrichment pending."
M3,Air Norway/North Flying,iata,M3,,,,unknown,,,,"Imported from original repository. Country, status, and source enrichment pending."
M4,Smart Aviation Company,iata,M4,,,,unknown,,,,"Imported from original repository. Country, status, and source enrichment pending."
M5,Kenmore Air,iata,M5,,,,unknown,,,,"Imported from original repository. Country, status, and source enrichment pending."
M6,Meta Linhas Aéreas,iata,M6,,,,unknown,,,,"Imported from original repository. Country, status, and source enrichment pending."
M7,Marsland Aviation,iata,M7,,,,unknown,,,,"Imported from original repository. Country, status, and source enrichment pending."
M9,Motor Sich PJSC,iata,M9,,,,unknown,,,,"Imported from original repository. Country, status, and source enrichment pending."
MD,Air Madagascar,iata,MD,,,,unknown,,,,"Imported from original repository. Country, status, and source enrichment pending."
ME,Middle East Airlines,iata,ME,,,,unknown,,,,"Imported from original repository. Country, status, and source enrichment pending."
MF,Xiamen Airlines Company,iata,MF,,,,unknown,,,,"Imported from original repository. Country, status, and source enrichment pending."
MH,Malaysia Airlines,iata,MH,,,,unknown,,,,"Imported from original repository. Country, status, and source enrichment pending."
MI,SilkAir,iata,MI,,,,unknown,,,,"Imported from original repository. Country, status, and source enrichment pending."
MJ,Mihin Lanka,iata,MJ,,,,unknown,,,,"Imported from original repository. Country, status, and source enrichment pending."
MK,Air Mauritius,iata,MK,,,,unknown,,,,"Imported from original repository. Country, status, and source enrichment pending."
MM,Peach Aviation Limited,iata,MM,,,,unknown,,,,"Imported from original repository. Country, status, and source enrichment pending."
MN,Comair,iata,MN,,,,unknown,,,,"Imported from original repository. Country, status, and source enrichment pending."
MO,Calm Air Intl Ltd,iata,MO,,,,unknown,,,,"Imported from original repository. Country, status, and source enrichment pending."
MR,Mongolian Airlines Group,iata,MR,,,,unknown,,,,"Imported from original repository. Country, status, and source enrichment pending."
MS,Egyptair,iata,MS,,,,unknown,,,,"Imported from original repository. Country, status, and source enrichment pending."
MU,China Eastern Airlines,iata,MU,,,,unknown,,,,"Imported from original repository. Country, status, and source enrichment pending."
MV,PT Aviastar Mandiri,iata,MV,,,,unknown,,,,"Imported from original repository. Country, status, and source enrichment pending."
MW,Mokulele Airlines,iata,MW,,,,unknown,,,,"Imported from original repository. Country, status, and source enrichment pending."
MY,Maya Island Air,iata,MY,,,,unknown,,,,"Imported from original repository. Country, status, and source enrichment pending."
N7,NHT Linhas Aereas,iata,N7,,,,unknown,,,,"Imported from original repository. Country, status, and source enrichment pending."
NF,Air Vanuatu,iata,NF,,,,unknown,,,,"Imported from original repository. Country, status, and source enrichment pending."
NH,All Nippon Airways,iata,NH,,,,unknown,,,,"Imported from original repository. Country, status, and source enrichment pending."
NHG,NHT Linhas Aéreas,legacy_or_icao_like,,NHG,,,unknown,,,,"Imported from original repository. Country, status, and source enrichment pending."
NK,Spirit Airlines,iata,NK,,,,unknown,,,,"Imported from original repository. Country, status, and source enrichment pending."
NL,Shaheen Air International,iata,NL,,,,unknown,,,,"Imported from original repository. Country, status, and source enrichment pending."
NP,Nile Air,iata,NP,,,,unknown,,,,"Imported from original repository. Country, status, and source enrichment pending."
NS,Hebei Airlines,iata,NS,,,,unknown,,,,"Imported from original repository. Country, status, and source enrichment pending."
NT,Binter Canarias,iata,NT,,,,unknown,,,,"Imported from original repository. Country, status, and source enrichment pending."
NU,Japan Transocean Air,iata,NU,,,,unknown,,,,"Imported from original repository. Country, status, and source enrichment pending."
NX,Air Macau,iata,NX,,,,unknown,,,,"Imported from original repository. Country, status, and source enrichment pending."
NY,Air Iceland,iata,NY,,,,unknown,,,,"Imported from original repository. Country, status, and source enrichment pending."
NZ,Air New Zealand,iata,NZ,,,,unknown,,,,"Imported from original repository. Country, status, and source enrichment pending."
O4,Antrak Air,iata,O4,,,,unknown,,,,"Imported from original repository. Country, status, and source enrichment pending."
O6,OceanAir,iata,O6,,,,unknown,,,,"Imported from original repository. Country, status, and source enrichment pending."
OA,Olympic Air,iata,OA,,,,unknown,,,,"Imported from original repository. Country, status, and source enrichment pending."
OB,Boliviana de Aviacion - BoA,iata,OB,,,,unknown,,,,"Imported from original repository. Country, status, and source enrichment pending."
OC,"Oriental Air Bridge Co., Ltd. (ORC)",iata,OC,,,,unknown,,,,"Imported from original repository. Country, status, and source enrichment pending."
OD,Malindo Airways,iata,OD,,,,unknown,,,,"Imported from original repository. Country, status, and source enrichment pending."
OG,Air Onix,iata,OG,,,,unknown,,,,"Imported from original repository. Country, status, and source enrichment pending."
OK,Czech Airlines,iata,OK,,,,unknown,,,,"Imported from original repository. Country, status, and source enrichment pending."
OM,MIAT - Mongolian Airlines,iata,OM,,,,unknown,,,,"Imported from original repository. Country, status, and source enrichment pending."
ON,Our Airline,iata,ON,,,,unknown,,,,"Imported from original repository. Country, status, and source enrichment pending."
OR,ArkeFly,iata,OR,,,,unknown,,,,"Imported from original repository. Country, status, and source enrichment pending."
OS,Austrian Airlines AG dba Austrian,iata,OS,,,,unknown,,,,"Imported from original repository. Country, status, and source enrichment pending."
OU,Croatia Airlines,iata,OU,,,,unknown,,,,"Imported from original repository. Country, status, and source enrichment pending."
OV,Estonian Air,iata,OV,,,,unknown,,,,"Imported from original repository. Country, status, and source enrichment pending."
OX,Orient Thai Airlines,iata,OX,,,,unknown,,,,"Imported from original repository. Country, status, and source enrichment pending."
OY,Andes Lineas Aereas,iata,OY,,,,unknown,,,,"Imported from original repository. Country, status, and source enrichment pending."
OZ,Asiana Airlines,iata,OZ,,,,unknown,,,,"Imported from original repository. Country, status, and source enrichment pending."
P0,Proflight Commuter Services,iata,P0,,,,unknown,,,,"Imported from original repository. Country, status, and source enrichment pending."
P1,PublicCharters.com,iata,P1,,,,unknown,,,,"Imported from original repository. Country, status, and source enrichment pending."
P2,AirKenya Express,iata,P2,,,,unknown,,,,"Imported from original repository. Country, status, and source enrichment pending."
P3,Passaredo,iata,P3,,,,unknown,,,,"Imported from original repository. Country, status, and source enrichment pending."
P4,Aero Lineas Sosa,iata,P4,,,,unknown,,,,"Imported from original repository. Country, status, and source enrichment pending."
P6,Pascan Aviation Inc.,iata,P6,,,,unknown,,,,"Imported from original repository. Country, status, and source enrichment pending."
P9,Peruvian Airlines,iata,P9,,,,unknown,,,,"Imported from original repository. Country, status, and source enrichment pending."
PB,Provincial Airlines,iata,PB,,,,unknown,,,,"Imported from original repository. Country, status, and source enrichment pending."
PC,Pegasus Airlines,iata,PC,,,,unknown,,,,"Imported from original repository. Country, status, and source enrichment pending."
PD,Porter Airlines Inc.,iata,PD,,,,unknown,,,,"Imported from original repository. Country, status, and source enrichment pending."
PE,Peoples Vienna Line,iata,PE,,,,unknown,,,,"Imported from original repository. Country, status, and source enrichment pending."
PG,Bangkok Airways,iata,PG,,,,unknown,,,,"Imported from original repository. Country, status, and source enrichment pending."
PJ,Air Saint-Pierre,iata,PJ,,,,unknown,,,,"Imported from original repository. Country, status, and source enrichment pending."
PK,Pakistan International Airlines,iata,PK,,,,unknown,,,,"Imported from original repository. Country, status, and source enrichment pending."
PL,Southern Air Charter,iata,PL,,,,unknown,,,,"Imported from original repository. Country, status, and source enrichment pending."
PM,CANARY FLY,iata,PM,,,,unknown,,,,"Imported from original repository. Country, status, and source enrichment pending."
PN,China West Air,iata,PN,,,,unknown,,,,"Imported from original repository. Country, status, and source enrichment pending."
PQ,AirAsia Philippines,iata,PQ,,,,unknown,,,,"Imported from original repository. Country, status, and source enrichment pending."
PR,Philippine Airlines,iata,PR,,,,unknown,,,,"Imported from original repository. Country, status, and source enrichment pending."
PS,Ukraine International Airlines,iata,PS,,,,unknown,,,,"Imported from original repository. Country, status, and source enrichment pending."
PV,Saint Barth Commuter,iata,PV,,,,unknown,,,,"Imported from original repository. Country, status, and source enrichment pending."
PW,Precisionair,iata,PW,,,,unknown,,,,"Imported from original repository. Country, status, and source enrichment pending."
PX,Air Niugini,iata,PX,,,,unknown,,,,"Imported from original repository. Country, status, and source enrichment pending."
PY,Surinam Airways,iata,PY,,,,unknown,,,,"Imported from original repository. Country, status, and source enrichment pending."
PZ,Transportes Aereos del Mercosur,iata,PZ,,,,unknown,,,,"Imported from original repository. Country, status, and source enrichment pending."
Q2,Maldivian,iata,Q2,,,,unknown,,,,"Imported from original repository. Country, status, and source enrichment pending."
Q3,Anguilla Air Services,iata,Q3,,,,unknown,,,,"Imported from original repository. Country, status, and source enrichment pending."
Q5,40 Mile Air,iata,Q5,,,,unknown,,,,"Imported from original repository. Country, status, and source enrichment pending."
Q6,Skytrans,iata,Q6,,,,unknown,,,,"Imported from original repository. Country, status, and source enrichment pending."
Q7,SkyBahamas,iata,Q7,,,,unknown,,,,"Imported from original repository. Country, status, and source enrichment pending."
Q8,Trans Air Congo,iata,Q8,,,,unknown,,,,"Imported from original repository. Country, status, and source enrichment pending."
Q9,Sky Jet M.G. Inc,iata,Q9,,,,unknown,,,,"Imported from original repository. Country, status, and source enrichment pending."
QB,Faraz Qeshm Airline,iata,QB,,,,unknown,,,,"Imported from original repository. Country, status, and source enrichment pending."
QC,Camair-Co,iata,QC,,,,unknown,,,,"Imported from original repository. Country, status, and source enrichment pending."
QF,Qantas Airways,iata,QF,,,,unknown,,,,"Imported from original repository. Country, status, and source enrichment pending."
QG,Citilink Indonesia,iata,QG,,,,unknown,,,,"Imported from original repository. Country, status, and source enrichment pending."
QH,Kyrgyzstan,iata,QH,,,,unknown,,,,"Imported from original repository. Country, status, and source enrichment pending."
QR,Qatar Airways,iata,QR,,,,unknown,,,,"Imported from original repository. Country, status, and source enrichment pending."
QS,SmartWings,iata,QS,,,,unknown,,,,"Imported from original repository. Country, status, and source enrichment pending."
QU,UTair-Ukraine,iata,QU,,,,unknown,,,,"Imported from original repository. Country, status, and source enrichment pending."
QV,Lao Airlines,iata,QV,,,,unknown,,,,"Imported from original repository. Country, status, and source enrichment pending."
QZ,Indonesia AirAsia,iata,QZ,,,,unknown,,,,"Imported from original repository. Country, status, and source enrichment pending."
R2,ORENAIR,iata,R2,,,,unknown,,,,"Imported from original repository. Country, status, and source enrichment pending."
R3,Yakutia,iata,R3,,,,unknown,,,,"Imported from original repository. Country, status, and source enrichment pending."
R6,DOT LT,iata,R6,,,,unknown,,,,"Imported from original repository. Country, status, and source enrichment pending."
R7,Aserca Airlines,iata,R7,,,,unknown,,,,"Imported from original repository. Country, status, and source enrichment pending."
RA,Nepal Airlines Corporation,iata,RA,,,,unknown,,,,"Imported from original repository. Country, status, and source enrichment pending."
RB,Syrian Arab Airlines,iata,RB,,,,unknown,,,,"Imported from original repository. Country, status, and source enrichment pending."
RC,Atlantic Airways Faroe Islands,iata,RC,,,,unknown,,,,"Imported from original repository. Country, status, and source enrichment pending."
RG,Rotanajet Aviation,iata,RG,,,,unknown,,,,"Imported from original repository. Country, status, and source enrichment pending."
RI,Mandala Airlines,iata,RI,,,,unknown,,,,"Imported from original repository. Country, status, and source enrichment pending."
RJ,Royal Jordanian,iata,RJ,,,,unknown,,,,"Imported from original repository. Country, status, and source enrichment pending."
RL,Royal Falcon,iata,RL,,,,unknown,,,,"Imported from original repository. Country, status, and source enrichment pending."
RO,Tarom,iata,RO,,,,unknown,,,,"Imported from original repository. Country, status, and source enrichment pending."
RQ,Kam Air,iata,RQ,,,,unknown,,,,"Imported from original repository. Country, status, and source enrichment pending."
RT,RAK Airways,iata,RT,,,,unknown,,,,"Imported from original repository. Country, status, and source enrichment pending."
RX,Regent Airways,iata,RX,,,,unknown,,,,"Imported from original repository. Country, status, and source enrichment pending."
RZ,SANSA Airlines,iata,RZ,,,,unknown,,,,"Imported from original repository. Country, status, and source enrichment pending."
S2,Jet Lite,iata,S2,,,,unknown,,,,"Imported from original repository. Country, status, and source enrichment pending."
S3,Santa Barbara Airlines C.A.,iata,S3,,,,unknown,,,,"Imported from original repository. Country, status, and source enrichment pending."
S4,SATA International,iata,S4,,,,unknown,,,,"Imported from original repository. Country, status, and source enrichment pending."
S5,SETE Linhas Aéreas,iata,S5,,,,unknown,,,,"Imported from original repository. Country, status, and source enrichment pending."
S7,S7 Airlines,iata,S7,,,,unknown,,,,"Imported from original repository. Country, status, and source enrichment pending."
S9,Starbow Airlines,iata,S9,,,,unknown,,,,"Imported from original repository. Country, status, and source enrichment pending."
SA,South African Airways,iata,SA,,,,unknown,,,,"Imported from original repository. Country, status, and source enrichment pending."
SB,Air Caledonie International,iata,SB,,,,unknown,,,,"Imported from original repository. Country, status, and source enrichment pending."
SC,Shandong Airlines,iata,SC,,,,unknown,,,,"Imported from original repository. Country, status, and source enrichment pending."
SD,Sudan Airways,iata,SD,,,,unknown,,,,"Imported from original repository. Country, status, and source enrichment pending."
SE,XL Airways France,iata,SE,,,,unknown,,,,"Imported from original repository. Country, status, and source enrichment pending."
SG,SpiceJet,iata,SG,,,,unknown,,,,"Imported from original repository. Country, status, and source enrichment pending."
SH,Sharp Airlines,iata,SH,,,,unknown,,,,"Imported from original repository. Country, status, and source enrichment pending."
SI,Blue Islands,iata,SI,,,,unknown,,,,"Imported from original repository. Country, status, and source enrichment pending."
SJ,Sriwijaya Air,iata,SJ,,,,unknown,,,,"Imported from original repository. Country, status, and source enrichment pending."
SK,SAS Scandinavian Airlines,iata,SK,,,,unknown,,,,"Imported from original repository. Country, status, and source enrichment pending."
SN,Brussels Airlines,iata,SN,,,,unknown,,,,"Imported from original repository. Country, status, and source enrichment pending."
SP,SATA Air Acores,iata,SP,,,,unknown,,,,"Imported from original repository. Country, status, and source enrichment pending."
SQ,Singapore Airlines,iata,SQ,,,,unknown,,,,"Imported from original repository. Country, status, and source enrichment pending."
SS,Corsair,iata,SS,,,,unknown,,,,"Imported from original repository. Country, status, and source enrichment pending."
ST,Germania,iata,ST,,,,unknown,,,,"Imported from original repository. Country, status, and source enrichment pending."
SU,Aeroflot Russian Airlines,iata,SU,,,,unknown,,,,"Imported from original repository. Country, status, and source enrichment pending."
SV,Saudi Arabian Airlines,iata,SV,,,,unknown,,,,"Imported from original repository. Country, status, and source enrichment pending."
SW,Air Namibia,iata,SW,,,,unknown,,,,"Imported from original repository. Country, status, and source enrichment pending."
SX,Sky Work Airlines,iata,SX,,,,unknown,,,,"Imported from original repository. Country, status, and source enrichment pending."
SY,Sun Country Airlines,iata,SY,,,,unknown,,,,"Imported from original repository. Country, status, and source enrichment pending."
T3,Eastern Airways,iata,T3,,,,unknown,,,,"Imported from original repository. Country, status, and source enrichment pending."
T5,Turkmenistan Airlines,iata,T5,,,,unknown,,,,"Imported from original repository. Country, status, and source enrichment pending."
T7,Twin Jet,iata,T7,,,,unknown,,,,"Imported from original repository. Country, status, and source enrichment pending."
TA,Taca International Airlines,iata,TA,,,,unknown,,,,"Imported from original repository. Country, status, and source enrichment pending."
TCX,Thomas Cook Airlines,legacy_or_icao_like,,TCX,,,unknown,,,,"Imported from original repository. Country, status, and source enrichment pending."
TD,Atlantis European Airways,iata,TD,,,,unknown,,,,"Imported from original repository. Country, status, and source enrichment pending."
TE,TEAM Linhas Aereas,iata,TE,,,,unknown,,,,"Imported from original repository. Country, status, and source enrichment pending."
TF,Malmo Aviation,iata,TF,,,,unknown,,,,"Imported from original repository. Country, status, and source enrichment pending."
TG,Thai Airways International,iata,TG,,,,unknown,,,,"Imported from original repository. Country, status, and source enrichment pending."
TJ,Tradewind Aviation,iata,TJ,,,,unknown,,,,"Imported from original repository. Country, status, and source enrichment pending."
TK,Turkish Airlines,iata,TK,,,,unknown,,,,"Imported from original repository. Country, status, and source enrichment pending."
TL,Airnorth Regional,iata,TL,,,,unknown,,,,"Imported from original repository. Country, status, and source enrichment pending."
TM,LAM-Linhas Aereas de Mocambique,iata,TM,,,,unknown,,,,"Imported from original repository. Country, status, and source enrichment pending."
TN,Air Tahiti Nui,iata,TN,,,,unknown,,,,"Imported from original repository. Country, status, and source enrichment pending."
TO,Transavia.com France,iata,TO,,,,unknown,,,,"Imported from original repository. Country, status, and source enrichment pending."
TOM,Thomson Airways,legacy_or_icao_like,,TOM,,,unknown,,,,"Imported from original repository. Country, status, and source enrichment pending."
TP,TAP Portugal,iata,TP,,,,unknown,,,,"Imported from original repository. Country, status, and source enrichment pending."
TR,Tiger Airways,iata,TR,,,,unknown,,,,"Imported from original repository. Country, status, and source enrichment pending."
TS,Air Transat A.T.Inc.,iata,TS,,,,unknown,,,,"Imported from original repository. Country, status, and source enrichment pending."
TT,Tiger Airways Australia,iata,TT,,,,unknown,,,,"Imported from original repository. Country, status, and source enrichment pending."
TU,Tunisair,iata,TU,,,,unknown,,,,"Imported from original repository. Country, status, and source enrichment pending."
TW,T,iata,TW,,,,unknown,,,,"Imported from original repository. Country, status, and source enrichment pending."
TX,Air Caraibes,iata,TX,,,,unknown,,,,"Imported from original repository. Country, status, and source enrichment pending."
TY,Air Caledonie,iata,TY,,,,unknown,,,,"Imported from original repository. Country, status, and source enrichment pending."
TZ,Scoot,iata,TZ,,,,unknown,,,,"Imported from original repository. Country, status, and source enrichment pending."
U2,easyJet,iata,U2,,,,unknown,,,,"Imported from original repository. Country, status, and source enrichment pending."
U3,Avies Air Company,iata,U3,,,,unknown,,,,"Imported from original repository. Country, status, and source enrichment pending."
U4,Buddha Air,iata,U4,,,,unknown,,,,"Imported from original repository. Country, status, and source enrichment pending."
U6,Ural Airlines,iata,U6,,,,unknown,,,,"Imported from original repository. Country, status, and source enrichment pending."
U7,Air Uganda,iata,U7,,,,unknown,,,,"Imported from original repository. Country, status, and source enrichment pending."
U9,Tatarstan,iata,U9,,,,unknown,,,,"Imported from original repository. Country, status, and source enrichment pending."
UA,United Airlines,iata,UA,,,,unknown,,,,"Imported from original repository. Country, status, and source enrichment pending."
UD,Hex,iata,UD,,,,unknown,,,,"Imported from original repository. Country, status, and source enrichment pending."
UE,Nasair,iata,UE,,,,unknown,,,,"Imported from original repository. Country, status, and source enrichment pending."
UG,Sevenair,iata,UG,,,,unknown,,,,"Imported from original repository. Country, status, and source enrichment pending."
UJ,Almasria Universal Airlines,iata,UJ,,,,unknown,,,,"Imported from original repository. Country, status, and source enrichment pending."
UL,SriLankan Airlines,iata,UL,,,,unknown,,,,"Imported from original repository. Country, status, and source enrichment pending."
UN,Transaero Airlines,iata,UN,,,,unknown,,,,"Imported from original repository. Country, status, and source enrichment pending."
UO,Hong Kong Express Airways,iata,UO,,,,unknown,,,,"Imported from original repository. Country, status, and source enrichment pending."
UP,Bahamasair,iata,UP,,,,unknown,,,,"Imported from original repository. Country, status, and source enrichment pending."
UR,UTair-Express,iata,UR,,,,unknown,,,,"Imported from original repository. Country, status, and source enrichment pending."
US,US Airways,iata,US,,,,unknown,,,,"Imported from original repository. Country, status, and source enrichment pending."
UU,Air Austral,iata,UU,,,,unknown,,,,"Imported from original repository. Country, status, and source enrichment pending."
UX,Air Europa,iata,UX,,,,unknown,,,,"Imported from original repository. Country, status, and source enrichment pending."
V0,Conviasa,iata,V0,,,,unknown,,,,"Imported from original repository. Country, status, and source enrichment pending."
V2,Vision Airlines,iata,V2,,,,unknown,,,,"Imported from original repository. Country, status, and source enrichment pending."
V3,Carpatair,iata,V3,,,,unknown,,,,"Imported from original repository. Country, status, and source enrichment pending."
V4,Vieques Air Link,iata,V4,,,,unknown,,,,"Imported from original repository. Country, status, and source enrichment pending."
V5,Danube Wings,iata,V5,,,,unknown,,,,"Imported from original repository. Country, status, and source enrichment pending."
V7,Volotea,iata,V7,,,,unknown,,,,"Imported from original repository. Country, status, and source enrichment pending."
V8,Iliamna Air Taxi,iata,V8,,,,unknown,,,,"Imported from original repository. Country, status, and source enrichment pending."
V9,Citywing,iata,V9,,,,unknown,,,,"Imported from original repository. Country, status, and source enrichment pending."
VA,Virgin Australia International,iata,VA,,,,unknown,,,,"Imported from original repository. Country, status, and source enrichment pending."
VB,VivaAerobus,iata,VB,,,,unknown,,,,"Imported from original repository. Country, status, and source enrichment pending."
VF,Valuair,iata,VF,,,,unknown,,,,"Imported from original repository. Country, status, and source enrichment pending."
VH,"Aeropostal, Alas de Venezuela S.A.",iata,VH,,,,unknown,,,,"Imported from original repository. Country, status, and source enrichment pending."
VJ,VietJet Air,iata,VJ,,,,unknown,,,,"Imported from original repository. Country, status, and source enrichment pending."
VN,Vietnam Airlines,iata,VN,,,,unknown,,,,"Imported from original repository. Country, status, and source enrichment pending."
VQ,NovoAir,iata,VQ,,,,unknown,,,,"Imported from original repository. Country, status, and source enrichment pending."
VR,TACV Cabo Verde Airlines,iata,VR,,,,unknown,,,,"Imported from original repository. Country, status, and source enrichment pending."
VS,Virgin Atlantic Airways,iata,VS,,,,unknown,,,,"Imported from original repository. Country, status, and source enrichment pending."
VT,Air Tahiti,iata,VT,,,,unknown,,,,"Imported from original repository. Country, status, and source enrichment pending."
VW,Transportes Aeromar S.A. de C.V.,iata,VW,,,,unknown,,,,"Imported from original repository. Country, status, and source enrichment pending."
VX,Virgin America,iata,VX,,,,unknown,,,,"Imported from original repository. Country, status, and source enrichment pending."
VY,Vueling Airlines,iata,VY,,,,unknown,,,,"Imported from original repository. Country, status, and source enrichment pending."
W2,FlexFlight ApS,iata,W2,,,,unknown,,,,"Imported from original repository. Country, status, and source enrichment pending."
W3,Arik Air,iata,W3,,,,unknown,,,,"Imported from original repository. Country, status, and source enrichment pending."
W4,LC Busre,iata,W4,,,,unknown,,,,"Imported from original repository. Country, status, and source enrichment pending."
W5,Mahan Air,iata,W5,,,,unknown,,,,"Imported from original repository. Country, status, and source enrichment pending."
W6,Wizz Air,iata,W6,,,,unknown,,,,"Imported from original repository. Country, status, and source enrichment pending."
W9,Air Bagan,iata,W9,,,,unknown,,,,"Imported from original repository. Country, status, and source enrichment pending."
WB,Rwandair Express,iata,WB,,,,unknown,,,,"Imported from original repository. Country, status, and source enrichment pending."
WC,Islena Airlines,iata,WC,,,,unknown,,,,"Imported from original repository. Country, status, and source enrichment pending."
WF,Wideroe,iata,WF,,,,unknown,,,,"Imported from original repository. Country, status, and source enrichment pending."
WH,Webjet Linhas Aéreas,iata,WH,,,,unknown,,,,"Imported from original repository. Country, status, and source enrichment pending."
WJ,Air Labrador,iata,WJ,,,,unknown,,,,"Imported from original repository. Country, status, and source enrichment pending."
WM,Windward Island Airways International,iata,WM,,,,unknown,,,,"Imported from original repository. Country, status, and source enrichment pending."
WN,Southwest Airlines,iata,WN,,,,unknown,,,,"Imported from original repository. Country, status, and source enrichment pending."
WP,Island Air,iata,WP,,,,unknown,,,,"Imported from original repository. Country, status, and source enrichment pending."
WS,WestJet,iata,WS,,,,unknown,,,,"Imported from original repository. Country, status, and source enrichment pending."
WT,Wasaya Airways LP,iata,WT,,,,unknown,,,,"Imported from original repository. Country, status, and source enrichment pending."
WU,Wizz Air Ukraine,iata,WU,,,,unknown,,,,"Imported from original repository. Country, status, and source enrichment pending."
WY,Oman Air,iata,WY,,,,unknown,,,,"Imported from original repository. Country, status, and source enrichment pending."
X3,TUIfly,iata,X3,,,,unknown,,,,"Imported from original repository. Country, status, and source enrichment pending."
X4,"Air Excursions, LLC",iata,X4,,,,unknown,,,,"Imported from original repository. Country, status, and source enrichment pending."
X7,ExecAir,iata,X7,,,,unknown,,,,"Imported from original repository. Country, status, and source enrichment pending."
X9,Avion Express,iata,X9,,,,unknown,,,,"Imported from original repository. Country, status, and source enrichment pending."
XF,Vladivostok Air,iata,XF,,,,unknown,,,,"Imported from original repository. Country, status, and source enrichment pending."
XK,Air Corsica,iata,XK,,,,unknown,,,,"Imported from original repository. Country, status, and source enrichment pending."
XL,LanEcuador,iata,XL,,,,unknown,,,,"Imported from original repository. Country, status, and source enrichment pending."
XQ,SunExpress,iata,XQ,,,,unknown,,,,"Imported from original repository. Country, status, and source enrichment pending."
XR,Skywest Airlines,iata,XR,,,,unknown,,,,"Imported from original repository. Country, status, and source enrichment pending."
XU,African Express Airways,iata,XU,,,,unknown,,,,"Imported from original repository. Country, status, and source enrichment pending."
XV,BVI Airways,iata,XV,,,,unknown,,,,"Imported from original repository. Country, status, and source enrichment pending."
XY,NAS AIR - National Air Services,iata,XY,,,,unknown,,,,"Imported from original repository. Country, status, and source enrichment pending."
Y4,Volaris,iata,Y4,,,,unknown,,,,"Imported from original repository. Country, status, and source enrichment pending."
Y5,Golden Myanmar Airlines,iata,Y5,,,,unknown,,,,"Imported from original repository. Country, status, and source enrichment pending."
Y7,Airline Tajmyr,iata,Y7,,,,unknown,,,,"Imported from original repository. Country, status, and source enrichment pending."
Y8,Passaredo Linhas Aéreas,iata,Y8,,,,unknown,,,,"Imported from original repository. Country, status, and source enrichment pending."
Y9,Kish Air,iata,Y9,,,,unknown,,,,"Imported from original repository. Country, status, and source enrichment pending."
YC,Yamal Airlines,iata,YC,,,,unknown,,,,"Imported from original repository. Country, status, and source enrichment pending."
YI,Air Sunshine,iata,YI,,,,unknown,,,,"Imported from original repository. Country, status, and source enrichment pending."
YK,Avia Traffic Company,iata,YK,,,,unknown,,,,"Imported from original repository. Country, status, and source enrichment pending."
YM,Montenegro Airlines,iata,YM,,,,unknown,,,,"Imported from original repository. Country, status, and source enrichment pending."
YN,Air Creebec (1994) Inc.,iata,YN,,,,unknown,,,,"Imported from original repository. Country, status, and source enrichment pending."
YO,Heli Air Monaco,iata,YO,,,,unknown,,,,"Imported from original repository. Country, status, and source enrichment pending."
YQ,Aircompany POLET,iata,YQ,,,,unknown,,,,"Imported from original repository. Country, status, and source enrichment pending."
YR,Scenic Airlines,iata,YR,,,,unknown,,,,"Imported from original repository. Country, status, and source enrichment pending."
YT,Yeti Airlines,iata,YT,,,,unknown,,,,"Imported from original repository. Country, status, and source enrichment pending."
YV,Mesa Airlines,iata,YV,,,,unknown,,,,"Imported from original repository. Country, status, and source enrichment pending."
Z2,Zestair,iata,Z2,,,,unknown,,,,"Imported from original repository. Country, status, and source enrichment pending."
Z3,PM Air LLC,iata,Z3,,,,unknown,,,,"Imported from original repository. Country, status, and source enrichment pending."
Z6,Dnieproavia Joint Stock Aviation Co,iata,Z6,,,,unknown,,,,"Imported from original repository. Country, status, and source enrichment pending."
Z8,Amaszonas,iata,Z8,,,,unknown,,,,"Imported from original repository. Country, status, and source enrichment pending."
Z9,Bek Air,iata,Z9,,,,unknown,,,,"Imported from original repository. Country, status, and source enrichment pending."
ZB,Monarch Airlines,iata,ZB,,,,unknown,,,,"Imported from original repository. Country, status, and source enrichment pending."
ZE,Eastar Jet,iata,ZE,,,,unknown,,,,"Imported from original repository. Country, status, and source enrichment pending."
ZH,Shenzhen Airlines,iata,ZH,,,,unknown,,,,"Imported from original repository. Country, status, and source enrichment pending."
ZI,Aigle Azur,iata,ZI,,,,unknown,,,,"Imported from original repository. Country, status, and source enrichment pending."
ZK,Great Lakes Airlines,iata,ZK,,,,unknown,,,,"Imported from original repository. Country, status, and source enrichment pending."
ZL,Regional Express,iata,ZL,,,,unknown,,,,"Imported from original repository. Country, status, and source enrichment pending."
